{
	"scenario": {
		"shape": [ 25, 25 ],
		"wrapped": false,
		"default_delay": "inertial",
		"default_cell_type": "hoya_age",
		"default_state": {
			"population": 100,
			"susceptible": [ 0.22, 0.61, 0.10, 0.07 ],
			"infected": [ 0.00, 0.00, 0.00, 0.00 ],
			"recovered": [ 0.00, 0.00, 0.00, 0.00 ],
			"deceased": [ 0.00, 0.00, 0.00, 0.00 ]
		},
		"default_config": {
			"hoya_age": {
				"susceptibility": [ 0.09306264439, 0.29666217351, 0.15153524631, 0.17879772706 ],
				"virulence": [ 0.23, 0.23, 0.23, 0.23 ],
				"recovery": [ 0.065, 0.065, 0.065, 0.065 ],
				"mortality": [ 0, 0.001576988187, 0.01775421282, 0.054273645936 ],
				"infected_capacity": 1.00,
				"over_capacity_modifier": 1.0,
				"mask_use": [ 0.0, 0.0, 0.0, 0.0 ],
				"mask_susceptibility_reduction": 1.0,
				"mask_virulence_reduction": 1.0,
				"mask_adoption": 0.0, 
				"lockdown_type": 1,
				"lockdown_rates": [ 
					[ 1.0, 1.0, 1.0, 1.0 ],
					[ 0.5, 0.5, 0.5, 0.5 ],
					[ 0.25, 0.25, 0.25, 0.25 ]
				],
				"phase_durations": [ 1, 20, 999 ],
				"lockdown_adoption": 1.0,
				"phase_thresholds": [ 0.00, 0.05, 0.10 ],
				"threshold_buffers": [ 0.00, 0.02, 0.05 ],
				"disobedience": [ 0.0, 0.0, 0.0, 0.0 ],
				"precision": 1000
			}
		},
		"neighborhood": [
			{
				"type": "von_neumann",
				"range": 1,
				"vicinity": {
					"connection": [ 1.0, 1.0, 1.0, 1.0 ],
					"movement": [ 1.0, 1.0, 1.0, 1.0 ]
				}
			}
		]
	},
	"cells": [
		{
			"cell_id": [ 12, 12 ],
			"state": {
				"population": 100,
				"susceptible": [ 0.198, 0.549, 0.09, 0.063 ],
				"infected": [ 0.022, 0.061, 0.01, 0.007 ],
				"recovered": [ 0, 0, 0, 0 ],
				"deceased": [ 0, 0, 0, 0 ]
			}
		}
	]
}
