{
	"scenario": {
		"shape": [ 25, 25 ],
		"wrapped": false,
		"default_delay": "inertial",
		"default_cell_type": "hoya_age",
		"default_state": {
			"population": [20, 60, 10, 10],
			"susceptible": [ 1, 1, 1, 1 ],
			"infected": [ 0, 0, 0, 0 ],
			"recovered": [ 0, 0, 0, 0 ],
			"deceased": [ 0, 0, 0, 0 ]
		},
		"default_config": {
			"hoya_age": {
				"susceptibility": [ 0.09306264439, 0.29666217351, 0.15153524631, 0.17879772706 ],
				"virulence": [ 0.23, 0.23, 0.23, 0.23 ],
				"recovery": [ 0.065, 0.065, 0.065, 0.065 ],
				"mortality": [ 0, 0.001576988187, 0.01775421282, 0.054273645936 ],
				"precision": 1000
			}
		},
		"neighborhood": [
			{
				"type": "von_neumann",
				"range": 1,
				"vicinity": {
					"connection": 1,
					"movement": [ 0.3, 0.7, 0.5, 0.2]
				}
			}
		]
	},
	"cells": [
		{
			"cell_id": [ 12, 12 ],
			"state": {
				"population": [20, 60, 10, 10],
				"susceptible": [ 0.99, 0.99, 0.99, 0.99 ],
				"infected": [ 0.01, 0.01, 0.01, 0.01 ],
				"recovered": [ 0, 0, 0, 0 ],
				"deceased": [ 0, 0, 0, 0 ]
			}
		}
	]
}
